9801.000000,9801.000000,87025.000000,19601.000000,8.879196,9.000000,4.000000,0.593211,8.879196,9.000000,4.000000,0.593211,0.986577,0.986577,0.060612,0.060612,0.000906,0.004344,0.120804,1.000000
9801.000000,9801.000000,87025.000000,19601.000000,8.879196,9.000000,4.000000,0.593211,8.879196,9.000000,4.000000,0.593211,0.986577,0.986577,0.060612,0.060612,0.000906,0.004344,0.120804,1.000000
10605.000000,10605.000000,144579.000000,21209.000000,13.633098,49.000000,1.000000,12.151089,13.633098,49.000000,1.000000,12.151089,0.278226,0.278226,2.160977,2.160977,0.001286,0.061495,35.366902,1.000000
17077.000000,17077.000000,875923.000000,34153.000000,51.292557,393.000000,7.000000,62.794601,51.292557,393.000000,7.000000,62.794601,0.130515,0.130515,9.566877,9.566877,0.003004,0.025531,341.707443,1.000000
189924.000000,189924.000000,1690876.000000,379847.000000,8.902909,11.000000,1.000000,2.761944,8.902909,11.000000,1.000000,2.761944,0.809355,0.809355,0.324405,0.324405,0.000047,0.063044,2.097091,1.000000
9801.000000,9801.000000,87025.000000,19601.000000,8.879196,9.000000,4.000000,0.593211,8.879196,9.000000,4.000000,0.593211,0.986577,0.986577,0.060612,0.060612,0.000906,0.004344,0.120804,1.000000
9801.000000,9801.000000,87025.000000,19601.000000,8.879196,9.000000,4.000000,0.593211,8.879196,9.000000,4.000000,0.593211,0.986577,0.986577,0.060612,0.060612,0.000906,0.004344,0.120804,1.000000
10605.000000,10605.000000,424587.000000,21209.000000,40.036492,147.000000,1.000000,37.195840,40.036492,147.000000,12.000000,22.782382,0.272357,0.272357,6.502358,6.544700,0.003775,0.064026,106.963508,1.000000
2861.000000,3347.000000,72465.000000,6207.000000,25.328556,61.000000,3.000000,7.335595,21.650732,887.000000,1.000000,84.960028,0.415222,0.024409,6.491259,15.831739,0.007568,0.014461,35.671444,1.000000
22835.000000,22835.000000,1642407.000000,45669.000000,71.943639,924.000000,1.000000,164.395342,71.943639,2522.000000,1.000000,215.360888,0.077841,0.028519,35.791802,23.381755,0.003150,0.031654,852.056361,1.000000
10429.000000,3.000000,31051.000000,10431.000000,2.977371,3.000000,2.000000,0.148718,10350.333333,10429.000000,10193.000000,111.251467,0.992457,0.992457,0.043345,236.000000,0.992457,0.002457,0.022629,3.000000
683446.000000,683446.000000,7583376.000000,1366891.000000,11.095794,83448.000000,0.000000,284.832088,11.095794,249.000000,0.000000,16.370643,0.000133,0.044561,11.503337,2.661546,0.000016,0.000012,83436.904206,1.000000
3169.000000,3169.000000,20841.000000,6337.000000,6.576523,10.000000,3.000000,0.907473,6.576523,10.000000,3.000000,0.907473,0.657652,0.657652,0.344697,0.344697,0.002075,0.008235,3.423477,1.000000
841.000000,841.000000,4089.000000,1681.000000,4.862069,5.000000,3.000000,0.358355,4.862069,5.000000,3.000000,0.358355,0.972414,0.972414,0.071429,0.071429,0.005781,0.005137,0.137931,2.000000
18510.000000,18510.000000,145149.000000,37019.000000,7.841653,10405.000000,1.000000,99.949454,7.841653,10405.000000,1.000000,99.377268,0.000754,0.000754,5.493111,3.081636,0.000424,0.000092,10397.158347,1.000000
4257.000000,4257.000000,4257.000000,8513.000000,1.000000,1.000000,1.000000,0.000000,1.000000,1.000000,1.000000,0.000000,1.000000,1.000000,0.000000,0.000000,0.000235,0.000000,0.000000,1.000000
6590.000000,46937.000000,164538.000000,53526.000000,24.967830,24973.000000,1.000000,359.706754,3.505507,27.000000,1.000000,2.713193,0.001000,0.129834,12.654424,0.348709,0.000532,0.000207,24948.032170,1.000000
241029.000000,317955.000000,4370721.000000,558983.000000,18.133590,90.000000,2.000000,9.811961,13.746351,18.000000,1.000000,2.239359,0.201484,0.763686,7.774831,0.810013,0.000057,0.011886,71.866410,1.000000
22835.000000,22835.000000,1915726.000000,45669.000000,83.912941,1050.000000,1.000000,191.390096,83.912941,2605.000000,1.000000,247.560564,0.079899,0.032205,34.960585,23.805772,0.003674,0.033225,966.087059,1.000000
9801.000000,9801.000000,87025.000000,19601.000000,8.879196,9.000000,4.000000,0.593211,8.879196,9.000000,4.000000,0.593211,0.986577,0.986577,0.060612,0.060612,0.000906,0.004344,0.120804,1.000000
9801.000000,9801.000000,87025.000000,19601.000000,8.879196,9.000000,4.000000,0.593211,8.879196,9.000000,4.000000,0.593211,0.986577,0.986577,0.060612,0.060612,0.000906,0.004344,0.120804,1.000000
9801.000000,9801.000000,87025.000000,19601.000000,8.879196,9.000000,4.000000,0.593211,8.879196,9.000000,4.000000,0.593211,0.986577,0.986577,0.060612,0.060612,0.000906,0.004344,0.120804,1.000000
1856.000000,1856.000000,11360.000000,3711.000000,6.120690,7.000000,1.000000,1.513760,6.120690,7.000000,2.000000,1.292586,0.874384,0.874384,0.266307,0.265229,0.003298,0.046765,0.879310,1.000000
32769.000000,32769.000000,381326.000000,65537.000000,11.636791,73.000000,5.000000,13.957164,11.636791,93.000000,4.000000,14.438811,0.159408,0.125127,0.692810,0.433228,0.000355,0.036555,61.363209,1.000000
207.000000,277.000000,2909.000000,483.000000,14.053140,107.000000,1.000000,22.111751,10.501805,50.000000,0.000000,14.474084,0.131338,0.210036,6.466019,2.927536,0.050733,0.042705,92.946860,1.000000
76480.000000,76480.000000,329762.000000,152959.000000,4.311742,6.000000,1.000000,1.253152,4.311742,6.000000,1.000000,1.254820,0.718624,0.718624,0.012579,0.012552,0.000056,0.043622,1.688258,1.000000
29736.000000,29736.000000,4444880.000000,59471.000000,150.324455,306.000000,48.000000,47.184508,150.324455,306.000000,48.000000,47.184508,0.488490,0.488490,13.550395,13.550395,0.005027,0.023777,155.675545,1.000000
706.000000,1429.000000,3309.000000,2134.000000,4.686969,19.000000,1.000000,3.216419,2.315605,12.000000,0.000000,2.191443,0.246683,0.192967,3.012766,1.967087,0.003280,0.028657,14.313031,1.000000
116835.000000,116835.000000,749800.000000,233669.000000,6.559644,114190.000000,1.000000,361.498102,6.559644,114174.000000,1.000000,361.434801,0.000056,0.000056,4.775091,5.178535,0.000055,0.000010,114183.440356,1.000000
9801.000000,9801.000000,87025.000000,19601.000000,8.879196,9.000000,4.000000,0.593211,8.879196,9.000000,4.000000,0.593211,0.986577,0.986577,0.060612,0.060612,0.000906,0.004344,0.120804,2.000000
9801.000000,9801.000000,87025.000000,19601.000000,8.879196,9.000000,4.000000,0.593211,8.879196,9.000000,4.000000,0.593211,0.986577,0.986577,0.060612,0.060612,0.000906,0.004344,0.120804,1.000000
9801.000000,9801.000000,87025.000000,19601.000000,8.879196,9.000000,4.000000,0.593211,8.879196,9.000000,4.000000,0.593211,0.986577,0.986577,0.060612,0.060612,0.000906,0.004344,0.120804,1.000000
9801.000000,9801.000000,87025.000000,19601.000000,8.879196,9.000000,4.000000,0.593211,8.879196,9.000000,4.000000,0.593211,0.986577,0.986577,0.060612,0.060612,0.000906,0.004344,0.120804,1.000000
1850.000000,712.000000,8755.000000,2561.000000,4.734054,5.000000,3.000000,0.459821,12.300562,417.000000,1.000000,32.418907,0.946486,0.029488,0.225527,8.371308,0.006647,0.008457,0.265946,1.000000
34506.000000,67147.000000,198883.000000,101652.000000,5.763722,342.000000,1.000000,8.663052,2.961904,16.000000,1.000000,2.746639,0.016853,0.185119,0.525750,0.159548,0.000086,0.000642,336.236278,1.000000
9801.000000,9801.000000,87025.000000,19601.000000,8.879196,9.000000,4.000000,0.593211,8.879196,9.000000,4.000000,0.593211,0.986577,0.986577,0.060612,0.060612,0.000906,0.004344,0.120804,1.000000
114919.000000,114919.000000,3303553.000000,229837.000000,57.896423,132.000000,15.000000,14.295668,57.896423,132.000000,15.000000,14.295668,0.217779,0.217779,1.706208,1.706208,0.000250,0.011729,74.103577,1.000000
4944.000000,6316.000000,38493.000000,11259.000000,7.785801,20.000000,2.000000,3.198976,6.094522,273.000000,1.000000,17.228205,0.389290,0.022324,1.680963,3.899287,0.001233,0.025584,12.214199,1.000000
157464.000000,157464.000000,3866688.000000,314927.000000,24.556013,27.000000,1.000000,4.068860,24.556013,27.000000,1.000000,4.068860,0.909482,0.909482,1.253075,1.253075,0.000156,0.022710,2.443987,1.000000
26068.000000,26068.000000,177196.000000,52135.000000,6.797453,7.000000,4.000000,0.436138,6.797453,7.000000,4.000000,0.436138,0.971065,0.971065,0.069590,0.069590,0.000261,0.003882,0.202547,1.000000
9801.000000,9801.000000,87025.000000,19601.000000,8.879196,9.000000,4.000000,0.593211,8.879196,9.000000,4.000000,0.593211,0.986577,0.986577,0.060612,0.060612,0.000906,0.004344,0.120804,2.000000
9801.000000,9801.000000,87025.000000,19601.000000,8.879196,9.000000,4.000000,0.593211,8.879196,9.000000,4.000000,0.593211,0.986577,0.986577,0.060612,0.060612,0.000906,0.004344,0.120804,1.000000
4098.000000,4098.000000,72356.000000,8195.000000,17.656418,784.000000,4.000000,19.429681,17.656418,784.000000,4.000000,19.429681,0.022521,0.022521,6.054430,6.054430,0.004309,0.000614,766.343582,1.000000
9801.000000,9801.000000,87025.000000,19601.000000,8.879196,9.000000,4.000000,0.593211,8.879196,9.000000,4.000000,0.593211,0.986577,0.986577,0.060612,0.060612,0.000906,0.004344,0.120804,1.000000
79171.000000,79171.000000,4352105.000000,158341.000000,54.970949,81.000000,20.000000,14.524072,54.970949,81.000000,20.000000,14.524072,0.678654,0.678654,12.107326,12.107326,0.000694,0.032152,26.029051,1.000000
9801.000000,9801.000000,87025.000000,19601.000000,8.879196,9.000000,4.000000,0.593211,8.879196,9.000000,4.000000,0.593211,0.986577,0.986577,0.060612,0.060612,0.000906,0.004344,0.120804,1.000000
20360.000000,20360.000000,20360.000000,40719.000000,1.000000,1.000000,1.000000,0.000000,1.000000,1.000000,1.000000,0.000000,1.000000,1.000000,0.000000,0.000000,0.000049,0.000000,0.000000,1.000000
10605.000000,10605.000000,424587.000000,21209.000000,40.036492,147.000000,1.000000,37.195840,40.036492,147.000000,12.000000,22.782382,0.272357,0.272357,6.502358,6.544700,0.003775,0.064026,106.963508,1.000000
9914.000000,9914.000000,36854.000000,19827.000000,3.717369,277.000000,0.000000,10.590932,3.717369,340.000000,0.000000,10.236935,0.013420,0.010933,2.875315,2.273681,0.000375,0.001462,273.282631,1.000000
9801.000000,9801.000000,87025.000000,19601.000000,8.879196,9.000000,4.000000,0.593211,8.879196,9.000000,4.000000,0.593211,0.986577,0.986577,0.060612,0.060612,0.000906,0.004344,0.120804,1.000000
9801.000000,9801.000000,87025.000000,19601.000000,8.879196,9.000000,4.000000,0.593211,8.879196,9.000000,4.000000,0.593211,0.986577,0.986577,0.060612,0.060612,0.000906,0.004344,0.120804,1.000000
300.000000,300.000000,3155.000000,599.000000,10.516667,33.000000,1.000000,7.667446,10.516667,22.000000,1.000000,7.052403,0.318687,0.478030,6.535117,4.525084,0.035056,0.053985,22.483333,1.000000
50000.000000,50000.000000,1548988.000000,99999.000000,30.979760,56.000000,6.000000,11.154527,30.979760,56.000000,6.000000,11.154527,0.553210,0.553210,15.961779,15.961779,0.000620,0.039676,25.020240,3.000000
21036.000000,21036.000000,303468.000000,42071.000000,14.426127,28.000000,5.000000,3.486959,14.426127,28.000000,5.000000,3.486959,0.515219,0.515219,3.300452,3.300452,0.000686,0.015509,13.573873,1.000000
20685.000000,20685.000000,2454957.000000,41369.000000,118.682959,162.000000,60.000000,28.554641,118.682959,162.000000,60.000000,28.554641,0.732611,0.732611,10.743667,10.743667,0.005738,0.031069,43.317041,3.000000
9801.000000,9801.000000,87025.000000,19601.000000,8.879196,9.000000,4.000000,0.593211,8.879196,9.000000,4.000000,0.593211,0.986577,0.986577,0.060612,0.060612,0.000906,0.004344,0.120804,2.000000
655.000000,655.000000,2808.000000,1309.000000,4.357252,12.000000,1.000000,2.971725,4.357252,35.000000,1.000000,3.926112,0.357252,0.122486,1.212538,1.545872,0.006545,0.061327,7.642748,1.000000
22692.000000,22692.000000,1481988.000000,45383.000000,65.308831,81.000000,24.000000,14.757598,65.308831,81.000000,24.000000,14.757598,0.806282,0.806282,0.280552,0.280552,0.002878,0.033194,15.691169,1.000000
9801.000000,9801.000000,87025.000000,19601.000000,8.879196,9.000000,4.000000,0.593211,8.879196,9.000000,4.000000,0.593211,0.986577,0.986577,0.060612,0.060612,0.000906,0.004344,0.120804,1.000000
4326.000000,4326.000000,61166.000000,8651.000000,14.139159,37.000000,7.000000,8.654677,14.139159,61.000000,5.000000,17.258406,0.382139,0.231789,0.912139,1.174104,0.003268,0.054714,22.860841,1.000000
32769.000000,32769.000000,381326.000000,65537.000000,11.636791,73.000000,5.000000,13.957164,11.636791,93.000000,4.000000,14.438811,0.159408,0.125127,0.692810,0.433228,0.000355,0.036555,61.363209,1.000000
281903.000000,281903.000000,2312497.000000,563805.000000,8.203166,38606.000000,0.000000,166.331643,8.203166,255.000000,0.000000,11.311406,0.000212,0.032169,12.735898,8.783737,0.000029,0.000019,38597.796834,3.000000
9801.000000,9801.000000,87025.000000,19601.000000,8.879196,9.000000,4.000000,0.593211,8.879196,9.000000,4.000000,0.593211,0.986577,0.986577,0.060612,0.060612,0.000906,0.004344,0.120804,1.000000
12504.000000,12504.000000,874887.000000,25007.000000,69.968570,345.000000,24.000000,34.929017,69.968570,345.000000,24.000000,34.930580,0.202807,0.202807,13.353355,13.353995,0.005596,0.010250,275.031430,1.000000
9801.000000,9801.000000,87025.000000,19601.000000,8.879196,9.000000,4.000000,0.593211,8.879196,9.000000,4.000000,0.593211,0.986577,0.986577,0.060612,0.060612,0.000906,0.004344,0.120804,1.000000
115967.000000,115967.000000,1033473.000000,231933.000000,8.911785,10.000000,5.000000,0.587506,8.911785,10.000000,6.000000,0.548615,0.891179,0.891179,0.001932,0.002233,0.000077,0.003452,1.088215,2.000000
48600.000000,48600.000000,1181120.000000,97199.000000,24.302881,27.000000,1.000000,4.250954,24.302881,27.000000,1.000000,4.250954,0.900107,0.900107,1.306879,1.306879,0.000500,0.024788,2.697119,1.000000
1505.000000,1505.000000,5414.000000,3009.000000,3.617940,12.000000,1.000000,2.382008,3.617940,27.000000,1.000000,3.717188,0.299779,0.133235,1.169548,1.399601,0.002390,0.039403,8.382060,1.000000
259156.000000,259156.000000,4429042.000000,518311.000000,17.090255,22.000000,7.000000,4.392310,17.090255,21.000000,6.000000,3.497793,0.776830,0.813822,0.037460,0.038155,0.000066,0.039860,4.909745,2.000000
9801.000000,9801.000000,87025.000000,19601.000000,8.879196,9.000000,4.000000,0.593211,8.879196,9.000000,4.000000,0.593211,0.986577,0.986577,0.060612,0.060612,0.000906,0.004344,0.120804,1.000000
28830.000000,63426.000000,186366.000000,92255.000000,6.464308,23.000000,3.000000,4.792470,2.938322,1443.000000,1.000000,23.856502,0.281057,0.002036,1.932152,1.756516,0.000102,0.043417,16.535692,2.000000
207.000000,260.000000,2948.000000,466.000000,14.241546,107.000000,1.000000,21.819408,11.338462,56.000000,0.000000,14.668676,0.133099,0.202473,6.461165,3.741313,0.054775,0.041583,92.758454,1.000000
663.000000,663.000000,1712.000000,1325.000000,2.582202,426.000000,1.000000,16.547535,2.582202,4.000000,1.000000,0.883287,0.006062,0.645551,1.566465,0.374622,0.003895,0.001509,423.417798,1.000000
38132.000000,48630.000000,586218.000000,86761.000000,15.373387,72.000000,2.000000,7.626767,12.054658,16.000000,0.000000,2.171861,0.213519,0.753416,6.192678,0.895536,0.000316,0.011221,56.626613,1.000000
11445.000000,11445.000000,176117.000000,22889.000000,15.388117,21.000000,8.000000,3.869022,15.388117,21.000000,8.000000,3.869022,0.732767,0.732767,4.914016,4.914016,0.001345,0.033944,5.611883,1.000000
9801.000000,9801.000000,87025.000000,19601.000000,8.879196,9.000000,4.000000,0.593211,8.879196,9.000000,4.000000,0.593211,0.986577,0.986577,0.060612,0.060612,0.000906,0.004344,0.120804,1.000000
9801.000000,9801.000000,87025.000000,19601.000000,8.879196,9.000000,4.000000,0.593211,8.879196,9.000000,4.000000,0.593211,0.986577,0.986577,0.060612,0.060612,0.000906,0.004344,0.120804,1.000000
9801.000000,9801.000000,87025.000000,19601.000000,8.879196,9.000000,4.000000,0.593211,8.879196,9.000000,4.000000,0.593211,0.986577,0.986577,0.060612,0.060612,0.000906,0.004344,0.120804,1.000000
2873.000000,2873.000000,1314.000000,5745.000000,9.464323,47.000000,1.000000,10.872943,9.464323,47.000000,1.000000,10.872943,0.009731,0.009731,5.566156,5.566156,0.000159,0.053518,37.535677,1.000000
12598.000000,12598.000000,196520.000000,25195.000000,15.599301,33.000000,1.000000,6.309623,15.599301,33.000000,1.000000,6.309623,0.472706,0.472706,3.406128,3.406128,0.001238,0.036558,17.400699,1.000000
213360.000000,213360.000000,3021648.000000,426719.000000,14.162205,19.000000,7.000000,5.886364,14.162205,22.000000,6.000000,4.082668,0.745379,0.643737,0.021597,0.019910,0.000066,0.095981,4.837795,2.000000
94069.000000,94069.000000,460493.000000,188137.000000,4.895268,5.000000,2.000000,0.317189,4.895268,5.000000,2.000000,0.317189,0.979054,0.979054,0.143620,0.143620,0.000052,0.004024,0.104732,1.000000
9801.000000,9801.000000,87025.000000,19601.000000,8.879196,9.000000,4.000000,0.593211,8.879196,9.000000,4.000000,0.593211,0.986577,0.986577,0.060612,0.060612,0.000906,0.004344,0.120804,1.000000
2903.000000,2903.000000,19093.000000,5805.000000,6.576989,7.000000,4.000000,0.606130,6.576989,7.000000,4.000000,0.606130,0.939570,0.939570,0.137147,0.137147,0.002266,0.007498,0.423011,1.000000
600.000000,600.000000,5660.000000,1199.000000,22.933333,28.000000,16.000000,3.155243,22.933333,28.000000,16.000000,3.155243,0.336905,0.336905,0.627713,0.627713,0.015722,0.012698,5.066667,1.000000
33401.000000,33401.000000,1317655.000000,66801.000000,39.449567,584.000000,7.000000,58.020426,39.449567,584.000000,7.000000,58.020426,0.067551,0.067551,3.359401,3.359401,0.001181,0.009870,544.550433,1.000000
163.000000,28016.000000,297538.000000,28178.000000,1825.386503,11625.000000,2.000000,2302.848664,10.620288,18.000000,2.000000,2.417917,0.157022,0.590016,2048.604938,1.835338,0.065155,0.039241,9799.613497,1.000000
9801.000000,9801.000000,87025.000000,19601.000000,8.879196,9.000000,4.000000,0.593211,8.879196,9.000000,4.000000,0.593211,0.986577,0.986577,0.060612,0.060612,0.000906,0.004344,0.120804,1.000000
66185.000000,172431.000000,433256.000000,238615.000000,6.546136,48.000000,0.000000,4.277256,2.512634,138.000000,1.000000,3.544064,0.136378,0.018207,2.809350,0.215496,0.000038,0.007941,41.453864,1.000000
36441.000000,36441.000000,565761.000000,72881.000000,15.525397,21.000000,8.000000,3.823285,15.525397,21.000000,8.000000,3.823285,0.739305,0.739305,5.292700,5.292700,0.000426,0.033146,5.474603,2.000000
21982.000000,21982.000000,1248213.000000,43963.000000,56.806978,898.000000,1.000000,145.587527,56.806978,1010.000000,1.000000,114.410738,0.063233,0.056221,29.842136,20.051772,0.002583,0.026284,841.193022,1.000000
4326.000000,4326.000000,61166.000000,8651.000000,14.139159,37.000000,7.000000,8.654677,14.139159,61.000000,5.000000,17.258406,0.382139,0.231789,0.912139,1.174104,0.003268,0.054714,22.860841,1.000000
9801.000000,9801.000000,87025.000000,19601.000000,8.879196,9.000000,4.000000,0.593211,8.879196,9.000000,4.000000,0.593211,0.986577,0.986577,0.060612,0.060612,0.000906,0.004344,0.120804,3.000000
1856.000000,1856.000000,11550.000000,3711.000000,6.223060,128.000000,1.000000,3.155425,6.223060,65.000000,2.000000,1.806903,0.048618,0.095739,0.333693,0.298113,0.003353,0.000608,121.776940,1.000000
32769.000000,32769.000000,381326.000000,65537.000000,11.636791,73.000000,5.000000,13.957164,11.636791,93.000000,4.000000,14.438811,0.159408,0.125127,0.692810,0.433228,0.000355,0.036555,61.363209,1.000000
15390.000000,33858.000000,99454.000000,49247.000000,6.462248,23.000000,3.000000,4.791152,2.937386,771.000000,1.000000,17.447219,0.280967,0.003810,1.931120,1.119148,0.000191,0.043393,16.537752,2.000000
18454.000000,18454.000000,253350.000000,36907.000000,13.728731,35.000000,4.000000,3.328954,13.728731,35.000000,4.000000,3.328954,0.392249,0.392249,2.850160,2.850160,0.000744,0.009046,21.271269,1.000000
1434.000000,1434.000000,1137732.000000,2867.000000,793.397490,1434.000000,241.000000,303.197032,793.397490,1434.000000,241.000000,303.197032,0.553276,0.553276,3.181438,3.181438,0.553276,0.044705,640.602510,1.000000
9801.000000,9801.000000,87025.000000,19601.000000,8.879196,9.000000,4.000000,0.593211,8.879196,9.000000,4.000000,0.593211,0.986577,0.986577,0.060612,0.060612,0.000906,0.004344,0.120804,1.000000
270.000000,594.000000,1678.000000,863.000000,6.214815,23.000000,3.000000,4.623427,2.824916,15.000000,1.000000,2.564255,0.270209,0.188328,1.806691,1.003373,0.010463,0.040408,16.785185,1.000000
26064.000000,26064.000000,177168.000000,52127.000000,6.797422,7.000000,4.000000,0.435724,6.797422,7.000000,4.000000,0.435724,0.971060,0.971060,0.069524,0.069524,0.000261,0.003875,0.202578,1.000000
363.000000,363.000000,2454.000000,725.000000,6.760331,34.000000,1.000000,7.340996,6.760331,34.000000,1.000000,8.662981,0.198833,0.198833,2.116022,1.519337,0.018624,0.046618,27.239669,3.000000
12990.000000,28578.000000,83934.000000,41567.000000,6.461432,23.000000,3.000000,4.790629,2.937014,651.000000,1.000000,16.035358,0.280932,0.004512,1.930711,1.755223,0.000226,0.043384,16.538568,2.000000
3173.000000,63076.000000,491336.000000,66248.000000,154.849039,41473.000000,2.000000,1101.509116,7.789587,9.000000,1.000000,1.183598,0.003734,0.865510,38.927491,0.053016,0.002455,0.000705,41318.150961,1.000000
990.000000,2178.000000,6334.000000,3167.000000,6.397980,23.000000,3.000000,4.749396,2.908173,51.000000,1.000000,4.557239,0.278173,0.057023,1.898888,1.089113,0.002938,0.042640,16.602020,1.000000
917825.000000,917825.000000,4584801.000000,1835649.000000,4.995289,5.000000,3.000000,0.086325,4.995289,5.000000,3.000000,0.086325,0.999058,0.999058,0.004153,0.004153,0.000005,0.000298,0.004711,1.000000
49666.000000,49666.000000,558594.000000,99331.000000,11.247010,13.000000,5.000000,2.386596,11.247010,13.000000,5.000000,2.386596,0.865155,0.865155,0.051928,0.051928,0.000226,0.033703,1.752990,1.000000
3870.000000,8514.000000,24958.000000,12383.000000,6.449096,23.000000,3.000000,4.782707,2.931407,195.000000,1.000000,8.803201,0.280395,0.015033,1.924528,1.113004,0.000757,0.043241,16.550904,1.000000
9801.000000,9801.000000,87025.000000,19601.000000,8.879196,9.000000,4.000000,0.593211,8.879196,9.000000,4.000000,0.593211,0.986577,0.986577,0.060612,0.060612,0.000906,0.004344,0.120804,1.000000
29067.000000,29067.000000,2081063.000000,58133.000000,71.595383,345.000000,24.000000,37.066408,71.595383,345.000000,24.000000,37.067377,0.207523,0.207523,13.118489,13.118764,0.002463,0.011543,273.404617,3.000000
9801.000000,9801.000000,87025.000000,19601.000000,8.879196,9.000000,4.000000,0.593211,8.879196,9.000000,4.000000,0.593211,0.986577,0.986577,0.060612,0.060612,0.000906,0.004344,0.120804,1.000000
22835.000000,22835.000000,663643.000000,45669.000000,29.062536,224.000000,1.000000,57.017142,29.062536,227.000000,1.000000,48.913767,0.129743,0.128029,8.843917,9.327231,0.001273,0.064791,194.937464,1.000000
82654.000000,82654.000000,574458.000000,165307.000000,6.950154,11.000000,1.000000,0.876773,6.950154,11.000000,1.000000,0.876773,0.631832,0.631832,0.902194,0.902194,0.000084,0.006353,4.049846,1.000000
9801.000000,9801.000000,87025.000000,19601.000000,8.879196,9.000000,4.000000,0.593211,8.879196,9.000000,4.000000,0.593211,0.986577,0.986577,0.060612,0.060612,0.000906,0.004344,0.120804,1.000000
4257.000000,4257.000000,37465.000000,8513.000000,8.800799,9.000000,4.000000,0.753206,8.800799,9.000000,4.000000,0.753206,0.977867,0.977867,0.218515,0.218515,0.002067,0.007004,0.199201,1.000000
120750.000000,120750.000000,1206265.000000,241499.000000,10.138501,185.000000,1.000000,15.034852,10.138501,188.000000,1.000000,18.850129,0.053999,0.053137,7.465602,8.689521,0.000083,0.006605,174.861499,1.000000
3390.000000,7458.000000,21854.000000,10847.000000,6.446608,23.000000,3.000000,4.781103,2.930276,171.000000,1.000000,8.248745,0.280287,0.017136,1.923281,1.111841,0.000864,0.043212,16.553392,1.000000
10605.000000,10605.000000,522387.000000,21209.000000,49.258557,196.000000,2.000000,45.987288,49.258557,147.000000,24.000000,20.300215,0.251319,0.335092,7.584685,7.621935,0.004645,0.055051,146.741443,1.000000
7500.000000,7500.000000,283992.000000,14999.000000,39.331467,75.000000,1.000000,22.951096,39.331467,76.000000,1.000000,14.296293,0.504875,0.498232,0.072143,1.306441,0.005049,0.093645,35.668533,1.000000
687.000000,1413.000000,3144.000000,2099.000000,4.576419,21.000000,2.000000,3.154844,2.225053,11.000000,0.000000,1.973360,0.217925,0.202278,2.835277,1.897309,0.003239,0.022569,16.423581,1.000000
9801.000000,9801.000000,87025.000000,19601.000000,8.879196,9.000000,4.000000,0.593211,8.879196,9.000000,4.000000,0.593211,0.986577,0.986577,0.060612,0.060612,0.000906,0.004344,0.120804,1.000000
6136.000000,6136.000000,53329.000000,12271.000000,8.691167,5181.000000,1.000000,67.916612,8.691167,5181.000000,1.000000,67.917334,0.001678,0.001678,6.327628,4.360228,0.001416,0.000172,5172.308833,1.000000
332.000000,332.000000,4252.000000,663.000000,12.807229,139.000000,1.000000,20.103172,12.807229,139.000000,1.000000,20.103172,0.092138,0.092138,16.108761,16.108761,0.038576,0.020917,126.192771,1.000000
9801.000000,9801.000000,87025.000000,19601.000000,8.879196,9.000000,4.000000,0.593211,8.879196,9.000000,4.000000,0.593211,0.986577,0.986577,0.060612,0.060612,0.000906,0.004344,0.120804,1.000000
16428.000000,16428.000000,948696.000000,32855.000000,59.278427,111.000000,1.000000,34.318646,59.278427,112.000000,1.000000,19.993349,0.520259,0.515614,0.049005,1.315943,0.003515,0.095590,51.721573,3.000000
9801.000000,9801.000000,87025.000000,19601.000000,8.879196,9.000000,4.000000,0.593211,8.879196,9.000000,4.000000,0.593211,0.986577,0.986577,0.060612,0.060612,0.000906,0.004344,0.120804,2.000000
179860.000000,179860.000000,4598604.000000,359719.000000,56.227599,126.000000,12.000000,12.081140,56.227599,126.000000,12.000000,12.081140,0.202918,0.202918,1.182954,1.182954,0.000142,0.009193,69.772401,1.000000
82670.000000,82670.000000,132964.000000,165339.000000,1.608371,64.000000,0.000000,1.747440,1.608371,541.000000,0.000000,7.363917,0.025131,0.002973,0.848710,2.424524,0.000019,0.000745,62.391629,1.000000
17613.000000,31223.000000,61639.000000,48835.000000,3.499631,5.000000,1.000000,0.839781,1.974154,802.000000,1.000000,12.828513,0.699926,0.002462,0.545594,0.256230,0.000112,0.028209,1.500369,1.000000
140874.000000,140874.000000,3568176.000000,281747.000000,55.463776,102.000000,24.000000,11.074811,55.463776,102.000000,24.000000,11.074811,0.248322,0.248322,1.337886,1.337886,0.000180,0.011789,46.536224,1.000000
54924.000000,54924.000000,2962152.000000,109847.000000,53.931833,270.000000,36.000000,4.902250,53.931833,270.000000,36.000000,4.902250,0.199748,0.199748,0.027420,0.027420,0.000982,0.000330,216.068167,1.000000
363.000000,363.000000,3068.000000,725.000000,8.451791,30.000000,1.000000,7.957862,8.451791,26.000000,1.000000,9.184354,0.281726,0.325069,2.980663,4.828729,0.023283,0.070364,21.548209,1.000000
9801.000000,9801.000000,87025.000000,19601.000000,8.879196,9.000000,4.000000,0.593211,8.879196,9.000000,4.000000,0.593211,0.986577,0.986577,0.060612,0.060612,0.000906,0.004344,0.120804,1.000000
47072.000000,47072.000000,2329056.000000,94143.000000,49.645182,232.000000,6.000000,17.644601,49.645182,232.000000,6.000000,17.644601,0.213270,0.213270,3.101358,3.101358,0.001051,0.005784,182.354818,1.000000
29089.000000,957432.000000,2852184.000000,986520.000000,98.050260,3232.000000,97.000000,18.414174,2.978994,12.000000,1.000000,0.484532,0.030337,0.248249,0.991680,0.144487,0.000102,0.000032,3133.949740,1.000000
9801.000000,9801.000000,87025.000000,19601.000000,8.879196,9.000000,4.000000,0.593211,8.879196,9.000000,4.000000,0.593211,0.986577,0.986577,0.060612,0.060612,0.000906,0.004344,0.120804,1.000000
33861.000000,33861.000000,166453.000000,67721.000000,4.915773,6.000000,3.000000,0.437317,4.915773,7.000000,2.000000,1.038405,0.819296,0.702253,0.039043,0.090106,0.000145,0.005312,1.084227,1.000000
713.000000,1440.000000,3246.000000,2152.000000,4.552595,21.000000,1.000000,3.164556,2.254167,11.000000,0.000000,1.993213,0.216790,0.204924,2.978933,1.942321,0.003162,0.022708,16.447405,1.000000
9801.000000,9801.000000,87025.000000,19601.000000,8.879196,9.000000,4.000000,0.593211,8.879196,9.000000,4.000000,0.593211,0.986577,0.986577,0.060612,0.060612,0.000906,0.004344,0.120804,1.000000
12546.000000,12546.000000,140034.000000,25091.000000,11.161645,13.000000,5.000000,2.414028,11.161645,13.000000,5.000000,2.414028,0.858588,0.858588,0.103547,0.103547,0.000890,0.034482,1.838355,1.000000
33841.000000,1113780.000000,3317736.000000,1147620.000000,98.038947,3760.000000,97.000000,19.940733,2.978807,12.000000,1.000000,0.483378,0.026074,0.248234,0.988534,0.144302,0.000088,0.000028,3661.961053,1.000000
5041.000000,5041.000000,171903.000000,10081.000000,34.100972,205.000000,13.000000,32.830148,34.100972,205.000000,13.000000,32.830148,0.166346,0.166346,4.266667,4.266667,0.006765,0.025647,170.899028,1.000000
1700.000000,1700.000000,21509.000000,3399.000000,12.652353,29.000000,1.000000,6.679712,12.652353,20.000000,1.000000,6.654036,0.436288,0.632618,5.507946,4.658034,0.007443,0.053054,16.347647,1.000000
510.000000,1122.000000,3230.000000,1631.000000,6.333333,23.000000,3.000000,4.706136,2.878788,27.000000,1.000000,3.363259,0.275362,0.106622,1.866405,1.058876,0.005645,0.041867,16.666667,1.000000
4409.000000,11322.000000,28553.000000,15730.000000,6.476072,48.000000,0.000000,4.414345,2.521904,21.000000,1.000000,1.571728,0.134918,0.120091,2.791742,0.223125,0.000572,0.008458,41.523928,1.000000
116158.000000,116158.000000,8516500.000000,232315.000000,73.318239,3263.000000,9.000000,419.587941,73.318239,1224.000000,8.000000,245.436984,0.022470,0.059901,1.378798,0.511687,0.000631,0.016535,3189.681761,1.000000
3390.000000,7458.000000,21854.000000,10847.000000,6.446608,23.000000,3.000000,4.781103,2.930276,171.000000,1.000000,8.248745,0.280287,0.017136,1.923281,1.111841,0.000864,0.043212,16.553392,1.000000
9801.000000,9801.000000,87025.000000,19601.000000,8.879196,9.000000,4.000000,0.593211,8.879196,9.000000,4.000000,0.593211,0.986577,0.986577,0.060612,0.060612,0.000906,0.004344,0.120804,1.000000
1080.000000,1080.000000,23094.000000,2159.000000,21.383333,42.000000,1.000000,12.444815,21.383333,34.000000,1.000000,6.153537,0.509127,0.628922,17.636701,4.014829,0.019799,0.087797,20.616667,1.000000
701.000000,1424.000000,3282.000000,2124.000000,4.681883,19.000000,1.000000,3.179387,2.304775,12.000000,0.000000,2.177149,0.246415,0.192065,2.982857,1.921996,0.003288,0.028001,14.318117,1.000000
4000.000000,4000.000000,8784.000000,7999.000000,2.196000,90.000000,1.000000,5.916890,2.196000,22.000000,1.000000,3.058853,0.024400,0.099818,0.044261,0.039760,0.000549,0.004322,87.804000,1.000000
53570.000000,53570.000000,1173694.000000,107139.000000,21.909539,27.000000,6.000000,4.297552,21.909539,27.000000,6.000000,4.297552,0.811464,0.811464,3.571898,3.571898,0.000409,0.025335,5.090461,1.000000
11445.000000,11445.000000,176117.000000,22889.000000,15.388117,21.000000,8.000000,3.869022,15.388117,21.000000,8.000000,3.869022,0.732767,0.732767,4.914016,4.914016,0.001345,0.033944,5.611883,1.000000
4257.000000,4257.000000,4257.000000,8513.000000,1.000000,1.000000,1.000000,0.000000,1.000000,1.000000,1.000000,0.000000,1.000000,1.000000,0.000000,0.000000,0.000235,0.000000,0.000000,1.000000
769.000000,769.000000,17801.000000,1537.000000,23.148244,61.000000,12.000000,9.036489,23.148244,61.000000,12.000000,9.036489,0.379479,0.379479,2.212240,2.212240,0.030102,0.021945,37.851756,1.000000
4326.000000,4326.000000,61166.000000,8651.000000,14.139159,37.000000,7.000000,8.654677,14.139159,61.000000,5.000000,17.258406,0.382139,0.231789,0.912139,1.174104,0.003268,0.054714,22.860841,1.000000
1434.000000,1434.000000,18228.000000,2867.000000,12.711297,99.000000,2.000000,20.545226,12.711297,99.000000,2.000000,20.545226,0.128397,0.128397,2.004885,2.004885,0.008864,0.043068,86.288703,1.000000
142752.000000,1014301.000000,11537419.000000,1157052.000000,80.821418,960830.000000,6.000000,3594.926883,11.374749,15.000000,6.000000,0.775022,0.000084,0.758317,35.283003,0.770133,0.000080,0.000014,960749.178582,1.000000
15437.000000,19321.000000,216173.000000,34757.000000,14.003563,63.000000,2.000000,6.621671,11.188500,15.000000,0.000000,2.147328,0.222279,0.745900,5.439427,0.966097,0.000725,0.011047,48.996437,1.000000
9801.000000,9801.000000,87025.000000,19601.000000,8.879196,9.000000,4.000000,0.593211,8.879196,9.000000,4.000000,0.593211,0.986577,0.986577,0.060612,0.060612,0.000906,0.004344,0.120804,1.000000
9801.000000,9801.000000,87025.000000,19601.000000,8.879196,9.000000,4.000000,0.593211,8.879196,9.000000,4.000000,0.593211,0.986577,0.986577,0.060612,0.060612,0.000906,0.004344,0.120804,1.000000
6334.000000,7742.000000,80057.000000,14075.000000,12.639249,56.000000,2.000000,5.704804,10.340610,14.000000,0.000000,2.105547,0.225701,0.738615,4.724617,1.014985,0.001633,0.010378,43.360751,1.000000
9801.000000,9801.000000,87025.000000,19601.000000,8.879196,9.000000,4.000000,0.593211,8.879196,9.000000,4.000000,0.593211,0.986577,0.986577,0.060612,0.060612,0.000906,0.004344,0.120804,1.000000
9801.000000,9801.000000,87025.000000,19601.000000,8.879196,9.000000,4.000000,0.593211,8.879196,9.000000,4.000000,0.593211,0.986577,0.986577,0.060612,0.060612,0.000906,0.004344,0.120804,2.000000
9801.000000,9801.000000,87025.000000,19601.000000,8.879196,9.000000,4.000000,0.593211,8.879196,9.000000,4.000000,0.593211,0.986577,0.986577,0.060612,0.060612,0.000906,0.004344,0.120804,1.000000
9801.000000,9801.000000,87025.000000,19601.000000,8.879196,9.000000,4.000000,0.593211,8.879196,9.000000,4.000000,0.593211,0.986577,0.986577,0.060612,0.060612,0.000906,0.004344,0.120804,1.000000
2000.000000,2000.000000,5184.000000,3999.000000,2.592000,90.000000,1.000000,8.339397,2.592000,22.000000,1.000000,3.979891,0.028800,0.117818,0.088544,0.079540,0.001296,0.008586,87.408000,3.000000
841.000000,841.000000,3988.000000,1681.000000,4.741974,7.000000,2.000000,0.667763,4.741974,5.000000,3.000000,0.458774,0.677425,0.948395,0.369048,0.252381,0.005638,0.009100,2.258026,1.000000
155331.000000,155331.000000,11283503.000000,310661.000000,72.641668,2749.000000,15.000000,294.168972,72.641668,2749.000000,15.000000,294.168972,0.026425,0.026425,8.256641,8.256641,0.000468,0.011451,2676.358332,1.000000
21498.000000,21498.000000,897056.000000,42995.000000,41.727417,48.000000,28.000000,5.243812,41.727417,48.000000,28.000000,5.243812,0.869321,0.869321,0.872261,0.872261,0.001941,0.011935,6.272583,1.000000
25710.000000,25710.000000,3749582.000000,51419.000000,145.981486,414.000000,52.000000,47.517350,145.981486,414.000000,52.000000,47.517350,0.352274,0.352274,9.174297,9.174297,0.005673,0.013174,268.018514,1.000000
40000.000000,40000.000000,197608.000000,79999.000000,4.940200,5.000000,1.000000,0.419790,4.940200,5.000000,1.000000,0.419790,0.988040,0.988040,0.029851,0.029851,0.000124,0.007049,0.059800,1.000000
9801.000000,9801.000000,87025.000000,19601.000000,8.879196,9.000000,4.000000,0.593211,8.879196,9.000000,4.000000,0.593211,0.986577,0.986577,0.060612,0.060612,0.000906,0.004344,0.120804,1.000000
9801.000000,9801.000000,87025.000000,19601.000000,8.879196,9.000000,4.000000,0.593211,8.879196,9.000000,4.000000,0.593211,0.986577,0.986577,0.060612,0.060612,0.000906,0.004344,0.120804,1.000000
1000.000000,1000.000000,3996.000000,1999.000000,3.996000,4.000000,3.000000,0.063119,3.996000,4.000000,3.000000,0.063119,0.999000,0.999000,0.002002,0.002002,0.003996,0.000249,0.004000,1.000000
989.000000,989.000000,3518.000000,1977.000000,3.576340,12.000000,1.000000,2.375619,3.576340,26.000000,1.000000,3.651043,0.296427,0.136813,1.169028,1.369433,0.003597,0.039191,8.423660,1.000000
488.000000,552.000000,4231.000000,1039.000000,8.670082,28.000000,2.000000,3.413415,7.664855,11.000000,0.000000,1.986822,0.309646,0.696805,2.885010,1.277677,0.015707,0.014861,19.329918,3.000000
3456.000000,3456.000000,66528.000000,6911.000000,19.250000,27.000000,12.000000,4.968652,19.250000,27.000000,12.000000,4.968652,0.712963,0.712963,1.753980,1.753980,0.005570,0.033865,7.750000,1.000000
201155.000000,386992.000000,1055093.000000,588146.000000,5.245174,93.000000,1.000000,12.865542,2.726395,9.000000,1.000000,1.279426,0.056400,0.302933,3.129786,0.388882,0.000014,0.019138,87.754826,1.000000
1000.000000,1000.000000,3750.000000,1999.000000,3.750000,7.000000,1.000000,2.015812,3.750000,7.000000,1.000000,2.015812,0.535714,0.535714,1.491491,1.491491,0.003750,0.082929,3.250000,1.000000
4326.000000,4326.000000,61166.000000,8651.000000,14.139159,37.000000,7.000000,8.654677,14.139159,61.000000,5.000000,17.258406,0.382139,0.231789,0.912139,1.174104,0.003268,0.054714,22.860841,1.000000
677.000000,1400.000000,3207.000000,2076.000000,4.737075,19.000000,1.000000,3.230943,2.290714,11.000000,0.000000,2.160800,0.249320,0.208247,2.917160,1.874911,0.003384,0.028917,14.262925,1.000000
4326.000000,4326.000000,61166.000000,8651.000000,14.139159,37.000000,7.000000,8.654677,14.139159,61.000000,5.000000,17.258406,0.382139,0.231789,0.912139,1.174104,0.003268,0.054714,22.860841,1.000000
1650.000000,3630.000000,10602.000000,5279.000000,6.425455,23.000000,3.000000,4.767398,2.920661,84.000000,1.000000,5.811102,0.279368,0.034770,1.912674,1.101956,0.001770,0.042964,16.574545,2.000000
9801.000000,9801.000000,87025.000000,19601.000000,8.879196,9.000000,4.000000,0.593211,8.879196,9.000000,4.000000,0.593211,0.986577,0.986577,0.060612,0.060612,0.000906,0.004344,0.120804,1.000000
32769.000000,32769.000000,381326.000000,65537.000000,11.636791,73.000000,5.000000,13.957164,11.636791,93.000000,4.000000,14.438811,0.159408,0.125127,0.692810,0.433228,0.000355,0.036555,61.363209,1.000000
1059.000000,1059.000000,4919.000000,2117.000000,4.644948,232.000000,0.000000,14.754731,4.644948,89.000000,0.000000,5.765851,0.020021,0.052190,6.066163,4.211720,0.004386,0.004045,227.355052,1.000000
1090.000000,1090.000000,3546.000000,2179.000000,3.253211,90.000000,1.000000,11.247757,3.253211,22.000000,1.000000,5.095610,0.036147,0.147873,0.162534,0.146006,0.002985,0.015619,86.746789,1.000000
9801.000000,9801.000000,87025.000000,19601.000000,8.879196,9.000000,4.000000,0.593211,8.879196,9.000000,4.000000,0.593211,0.986577,0.986577,0.060612,0.060612,0.000906,0.004344,0.120804,1.000000
4326.000000,4326.000000,61166.000000,8651.000000,14.139159,37.000000,7.000000,8.654677,14.139159,61.000000,5.000000,17.258406,0.382139,0.231789,0.912139,1.174104,0.003268,0.054714,22.860841,1.000000
3270.000000,7194.000000,21078.000000,10463.000000,6.445872,23.000000,3.000000,4.780629,2.929942,165.000000,1.000000,8.104206,0.280255,0.017757,1.922912,1.111497,0.000896,0.043203,16.554128,1.000000
9801.000000,9801.000000,87025.000000,19601.000000,8.879196,9.000000,4.000000,0.593211,8.879196,9.000000,4.000000,0.593211,0.986577,0.986577,0.060612,0.060612,0.000906,0.004344,0.120804,1.000000
677.000000,1400.000000,3207.000000,2076.000000,4.737075,19.000000,1.000000,3.230943,2.290714,11.000000,0.000000,2.160800,0.249320,0.208247,2.917160,1.874911,0.003384,0.028917,14.262925,1.000000
9801.000000,9801.000000,87025.000000,19601.000000,8.879196,9.000000,4.000000,0.593211,8.879196,9.000000,4.000000,0.593211,0.986577,0.986577,0.060612,0.060612,0.000906,0.004344,0.120804,2.000000
9801.000000,9801.000000,87025.000000,19601.000000,8.879196,9.000000,4.000000,0.593211,8.879196,9.000000,4.000000,0.593211,0.986577,0.986577,0.060612,0.060612,0.000906,0.004344,0.120804,1.000000
32769.000000,32769.000000,381326.000000,65537.000000,11.636791,73.000000,5.000000,13.957164,11.636791,93.000000,4.000000,14.438811,0.159408,0.125127,0.692810,0.433228,0.000355,0.036555,61.363209,1.000000
32769.000000,32769.000000,381326.000000,65537.000000,11.636791,73.000000,5.000000,13.957164,11.636791,93.000000,4.000000,14.438811,0.159408,0.125127,0.692810,0.433228,0.000355,0.036555,61.363209,1.000000
500.000000,500.000000,28726.000000,999.000000,57.452000,335.000000,1.000000,63.438724,57.452000,335.000000,1.000000,63.438724,0.171499,0.171499,23.939880,23.939880,0.114904,0.035861,277.548000,1.000000
3345.000000,3345.000000,22749.000000,6689.000000,6.800897,18.000000,1.000000,3.963790,6.800897,18.000000,1.000000,3.963790,0.377828,0.377828,3.834928,3.834928,0.002033,0.048493,11.199103,1.000000
687.000000,1410.000000,3207.000000,2096.000000,4.668122,19.000000,1.000000,3.172923,2.274468,11.000000,0.000000,2.115928,0.245691,0.206770,3.002915,1.847410,0.003311,0.027888,14.331878,1.000000
33861.000000,33861.000000,166453.000000,67721.000000,4.915773,6.000000,3.000000,0.437317,4.915773,7.000000,2.000000,1.038405,0.819296,0.702253,0.039043,0.090106,0.000145,0.005312,1.084227,1.000000
3169.000000,3169.000000,20841.000000,6337.000000,6.576523,10.000000,3.000000,0.907473,6.576523,10.000000,3.000000,0.907473,0.657652,0.657652,0.344697,0.344697,0.002075,0.008235,3.423477,1.000000
5005.000000,5005.000000,20033.000000,10009.000000,4.002597,7.000000,1.000000,2.663287,4.002597,7.000000,1.000000,2.663287,0.571800,0.571800,0.464229,0.464229,0.000800,0.144757,2.997403,1.000000
10429.000000,10429.000000,103599.000000,20857.000000,9.933742,27.000000,4.000000,2.276067,9.933742,27.000000,4.000000,2.276067,0.367916,0.367916,0.163023,0.163023,0.000953,0.007106,17.066258,1.000000
9801.000000,9801.000000,87025.000000,19601.000000,8.879196,9.000000,4.000000,0.593211,8.879196,9.000000,4.000000,0.593211,0.986577,0.986577,0.060612,0.060612,0.000906,0.004344,0.120804,1.000000
9801.000000,9801.000000,87025.000000,19601.000000,8.879196,9.000000,4.000000,0.593211,8.879196,9.000000,4.000000,0.593211,0.986577,0.986577,0.060612,0.060612,0.000906,0.004344,0.120804,1.000000
363.000000,363.000000,3157.000000,725.000000,8.696970,33.000000,1.000000,8.109557,8.696970,34.000000,1.000000,9.456973,0.263545,0.255793,2.919890,5.088398,0.023959,0.060390,24.303030,1.000000
9801.000000,9801.000000,87025.000000,19601.000000,8.879196,9.000000,4.000000,0.593211,8.879196,9.000000,4.000000,0.593211,0.986577,0.986577,0.060612,0.060612,0.000906,0.004344,0.120804,1.000000
705.000000,1428.000000,3300.000000,2132.000000,4.680851,19.000000,2.000000,3.182664,2.310924,12.000000,0.000000,2.186018,0.246361,0.192577,2.985795,1.948844,0.003278,0.028059,14.319149,1.000000
2361.000000,2361.000000,13828.000000,4721.000000,5.856840,65.000000,1.000000,7.953689,5.856840,65.000000,1.000000,7.953689,0.090105,0.090105,5.927966,5.927966,0.002481,0.014973,59.143160,1.000000
32769.000000,32769.000000,381326.000000,65537.000000,11.636791,73.000000,5.000000,13.957164,11.636791,93.000000,4.000000,14.438811,0.159408,0.125127,0.692810,0.433228,0.000355,0.036555,61.363209,1.000000
315.000000,100.000000,7518.000000,414.000000,23.866667,99.000000,0.000000,20.737697,75.180000,269.000000,10.000000,52.750048,0.241077,0.279480,20.722930,44.020202,0.238667,0.043878,75.133333,1.000000
60740.000000,60740.000000,2035281.000000,121479.000000,33.508084,63.000000,8.000000,12.599554,33.508084,54.000000,13.000000,10.918978,0.531874,0.620520,4.209256,1.595318,0.000552,0.039997,29.491916,1.000000
90.000000,90.000000,1746.000000,179.000000,19.400000,90.000000,1.000000,35.302125,19.400000,22.000000,18.000000,1.356466,0.215556,0.881818,1.988764,0.078652,0.215556,0.153857,70.600000,1.000000
20360.000000,20360.000000,509866.000000,40719.000000,25.042534,27.000000,8.000000,3.930794,25.042534,27.000000,8.000000,3.930794,0.927501,0.927501,1.882755,1.882755,0.001230,0.021195,1.957466,1.000000
9801.000000,9801.000000,87025.000000,19601.000000,8.879196,9.000000,4.000000,0.593211,8.879196,9.000000,4.000000,0.593211,0.986577,0.986577,0.060612,0.060612,0.000906,0.004344,0.120804,2.000000
22835.000000,22835.000000,713907.000000,45669.000000,31.263718,224.000000,1.000000,58.956571,31.263718,227.000000,1.000000,52.714179,0.139570,0.137726,9.028204,10.330560,0.001369,0.069274,192.736282,1.000000
240369.000000,240369.000000,10661631.000000,480737.000000,44.355266,361.000000,17.000000,39.691218,44.355266,361.000000,17.000000,39.691218,0.122868,0.122868,4.543367,4.543367,0.000185,0.012089,316.644734,1.000000
841.000000,841.000000,4089.000000,1681.000000,4.862069,5.000000,3.000000,0.358355,4.862069,5.000000,3.000000,0.358355,0.972414,0.972414,0.071429,0.071429,0.005781,0.005137,0.137931,1.000000
6752.000000,6752.000000,54233.000000,13503.000000,8.032139,227.000000,0.000000,16.867980,8.032139,166.000000,0.000000,8.863549,0.035384,0.048386,9.711450,6.759591,0.001190,0.005522,218.967861,1.000000
62424.000000,62424.000000,1717763.000000,124847.000000,27.518134,44.000000,16.000000,2.293704,27.518134,44.000000,16.000000,2.293704,0.625402,0.625402,0.402095,0.402095,0.000441,0.002717,16.481866,1.000000
34920.000000,34920.000000,3896496.000000,69839.000000,132.996277,438.000000,18.000000,55.199442,132.996277,438.000000,18.000000,55.199442,0.254757,0.254757,9.731149,9.731149,0.003195,0.015883,305.003723,1.000000
1950.000000,4290.000000,12542.000000,6239.000000,6.431795,23.000000,3.000000,4.771520,2.923543,99.000000,1.000000,6.299053,0.279643,0.029531,1.915854,1.104920,0.001499,0.043039,16.568205,1.000000
9801.000000,9801.000000,87025.000000,19601.000000,8.879196,9.000000,4.000000,0.593211,8.879196,9.000000,4.000000,0.593211,0.986577,0.986577,0.060612,0.060612,0.000906,0.004344,0.120804,1.000000
97569.000000,97569.000000,5156379.000000,195137.000000,52.848538,494.000000,17.000000,68.934743,52.848538,494.000000,17.000000,68.934743,0.106981,0.106981,7.981920,7.981920,0.000542,0.019473,441.151462,1.000000
1104.000000,1104.000000,3786.000000,2207.000000,3.429348,7.000000,1.000000,2.529265,3.429348,7.000000,1.000000,2.529265,0.489907,0.489907,0.601995,0.601995,0.003106,0.130555,3.570652,1.000000
4326.000000,4326.000000,61166.000000,8651.000000,14.139159,37.000000,7.000000,8.654677,14.139159,61.000000,5.000000,17.258406,0.382139,0.231789,0.912139,1.174104,0.003268,0.054714,22.860841,1.000000
62424.000000,62424.000000,1717792.000000,124847.000000,27.518134,44.000000,16.000000,2.293704,27.518134,44.000000,16.000000,2.293704,0.625412,0.625412,0.402095,0.402095,0.000441,0.002717,16.481866,1.000000
213453.000000,213453.000000,11985111.000000,426905.000000,56.148712,387.000000,15.000000,12.887928,56.148712,387.000000,15.000000,12.887928,0.145087,0.145087,2.190380,2.190380,0.000263,0.001109,330.851288,1.000000
4941.000000,4941.000000,13188.000000,9881.000000,2.669095,19.000000,1.000000,1.791272,2.669095,19.000000,1.000000,1.791272,0.140479,0.140479,1.496154,1.496154,0.000540,0.008888,16.330905,1.000000
352013.000000,677224.000000,1846391.000000,1029236.000000,5.245235,93.000000,1.000000,12.865679,2.726411,15.000000,1.000000,1.279645,0.056400,0.181761,1.383538,0.259708,0.000008,0.019138,87.754765,1.000000
717.000000,1440.000000,3317.000000,2156.000000,4.626220,21.000000,2.000000,3.202123,2.303472,11.000000,0.000000,2.121056,0.220296,0.209407,3.050279,1.997915,0.003213,0.023251,16.373780,1.000000
497.000000,497.000000,1721.000000,993.000000,3.474849,28.000000,1.000000,3.941202,3.474849,55.000000,1.000000,4.669766,0.123671,0.062960,1.338710,1.118952,0.006967,0.019813,24.525151,1.000000
510.000000,1122.000000,3230.000000,1631.000000,6.333333,23.000000,3.000000,4.706136,2.878788,27.000000,1.000000,3.363259,0.275362,0.106622,1.866405,1.058876,0.005645,0.041867,16.666667,1.000000
9801.000000,9801.000000,87025.000000,19601.000000,8.879196,9.000000,4.000000,0.593211,8.879196,9.000000,4.000000,0.593211,0.986577,0.986577,0.060612,0.060612,0.000906,0.004344,0.120804,1.000000
79171.000000,79171.000000,4352105.000000,158341.000000,54.970949,81.000000,20.000000,14.524072,54.970949,81.000000,20.000000,14.524072,0.678654,0.678654,12.107326,12.107326,0.000694,0.032152,26.029051,1.000000
9801.000000,9801.000000,87025.000000,19601.000000,8.879196,9.000000,4.000000,0.593211,8.879196,9.000000,4.000000,0.593211,0.986577,0.986577,0.060612,0.060612,0.000906,0.004344,0.120804,1.000000
108384.000000,108384.000000,8713602.000000,216767.000000,93.811116,324.000000,30.000000,29.203756,93.811116,324.000000,30.000000,29.203756,0.248135,0.248135,5.033483,5.033483,0.000742,0.008124,230.188884,1.000000
9801.000000,9801.000000,87025.000000,19601.000000,8.879196,9.000000,4.000000,0.593211,8.879196,9.000000,4.000000,0.593211,0.986577,0.986577,0.060612,0.060612,0.000906,0.004344,0.120804,1.000000
22692.000000,22692.000000,1482390.000000,45383.000000,65.326547,81.000000,24.000000,14.760952,65.326547,81.000000,24.000000,14.760952,0.806501,0.806501,0.246970,0.246970,0.002879,0.033209,15.673453,1.000000
22967.000000,22967.000000,87760.000000,45933.000000,3.821135,5.000000,1.000000,1.337328,3.821135,5.000000,1.000000,1.337328,0.764227,0.764227,0.293042,0.293042,0.000166,0.071538,1.178865,1.000000
21498.000000,21498.000000,897056.000000,42995.000000,41.727417,48.000000,28.000000,5.243812,41.727417,48.000000,28.000000,5.243812,0.869321,0.869321,0.919663,0.919663,0.001941,0.011935,6.272583,1.000000
32769.000000,32769.000000,381326.000000,65537.000000,11.636791,73.000000,5.000000,13.957164,11.636791,93.000000,4.000000,14.438811,0.159408,0.125127,0.692810,0.433228,0.000355,0.036555,61.363209,3.000000
683.000000,1406.000000,3243.000000,2088.000000,4.748170,20.000000,1.000000,3.270321,2.306543,11.000000,0.000000,2.176899,0.237408,0.209686,2.956012,1.909609,0.003377,0.026738,15.251830,1.000000
2290.000000,2290.000000,14873.000000,4579.000000,6.494760,2289.000000,4.000000,67.470752,6.494760,2288.000000,5.000000,53.303827,0.002837,0.002839,1.997816,0.997379,0.002836,0.000869,2282.505240,2.000000
340.000000,340.000000,2196.000000,679.000000,6.458824,90.000000,1.000000,19.755894,6.458824,22.000000,1.000000,7.915811,0.071765,0.293583,0.522124,0.469027,0.018997,0.048185,83.541176,2.000000
479.000000,479.000000,1888.000000,957.000000,3.987474,12.000000,1.000000,2.740680,3.987474,35.000000,1.000000,3.212035,0.328462,0.112616,1.148536,1.382845,0.008229,0.052162,8.012526,2.000000
9801.000000,9801.000000,87025.000000,19601.000000,8.879196,9.000000,4.000000,0.593211,8.879196,9.000000,4.000000,0.593211,0.986577,0.986577,0.060612,0.060612,0.000906,0.004344,0.120804,2.000000
712.000000,1434.000000,3342.000000,2145.000000,4.693820,21.000000,2.000000,3.199643,2.330544,12.000000,0.000000,2.197266,0.223515,0.194212,2.973277,1.985345,0.003273,0.023215,16.306180,2.000000
921632.000000,921632.000000,4590832.000000,1843263.000000,4.981199,5.000000,1.000000,0.273591,4.981199,5.000000,1.000000,0.215986,0.996240,0.996240,0.010399,0.007810,0.000005,0.002994,0.018801,3.000000
9801.000000,9801.000000,87025.000000,19601.000000,8.879196,9.000000,4.000000,0.593211,8.879196,9.000000,4.000000,0.593211,0.986577,0.986577,0.060612,0.060612,0.000906,0.004344,0.120804,1.000000
3060.000000,3060.000000,42211.000000,6119.000000,13.794444,29.000000,1.000000,6.432701,13.794444,20.000000,1.000000,6.114263,0.475670,0.689722,5.971886,5.009480,0.004508,0.049203,15.205556,3.000000
9801.000000,9801.000000,87025.000000,19601.000000,8.879196,9.000000,4.000000,0.593211,8.879196,9.000000,4.000000,0.593211,0.986577,0.986577,0.060612,0.060612,0.000906,0.004344,0.120804,1.000000
726713.000000,726713.000000,5080961.000000,1453425.000000,6.991702,9.000000,3.000000,1.007603,6.991702,9.000000,3.000000,1.007603,0.776856,0.776856,1.375806,1.375806,0.000010,0.012534,2.008298,1.000000
21982.000000,21982.000000,498771.000000,43963.000000,22.689974,211.000000,1.000000,50.107395,22.689974,212.000000,1.000000,42.249712,0.107535,0.107028,9.811747,6.507529,0.001032,0.056395,188.310026,1.000000
9801.000000,9801.000000,87025.000000,19601.000000,8.879196,9.000000,4.000000,0.593211,8.879196,9.000000,4.000000,0.593211,0.986577,0.986577,0.060612,0.060612,0.000906,0.004344,0.120804,2.000000
9801.000000,9801.000000,87025.000000,19601.000000,8.879196,9.000000,4.000000,0.593211,8.879196,9.000000,4.000000,0.593211,0.986577,0.986577,0.060612,0.060612,0.000906,0.004344,0.120804,1.000000
12546.000000,12546.000000,140034.000000,25091.000000,11.161645,13.000000,5.000000,2.414028,11.161645,13.000000,5.000000,2.414028,0.858588,0.858588,0.103547,0.103547,0.000890,0.034482,1.838355,2.000000
4720.000000,4720.000000,20042.000000,9439.000000,4.246186,6.000000,1.000000,1.269753,4.246186,6.000000,1.000000,1.276410,0.707698,0.707698,0.051282,0.050858,0.000900,0.044785,1.753814,1.000000
4257.000000,4257.000000,37465.000000,8513.000000,8.800799,9.000000,4.000000,0.753206,8.800799,9.000000,4.000000,0.753206,0.977867,0.977867,0.218515,0.218515,0.002067,0.007004,0.199201,2.000000
18454.000000,3.000000,54597.000000,18456.000000,2.958546,3.000000,2.000000,0.199339,18199.000000,18454.000000,17689.000000,360.624458,0.986182,0.986182,0.036742,382.500000,0.986182,0.004415,0.041454,3.000000
2644.000000,3160.000000,29862.000000,5803.000000,11.294251,42.000000,2.000000,4.846707,9.450000,13.000000,0.000000,2.081724,0.268911,0.726923,4.090049,1.116493,0.003574,0.013317,30.705749,1.000000
11532.000000,11532.000000,551184.000000,23063.000000,49.299861,93.000000,1.000000,28.639683,49.299861,94.000000,1.000000,17.148216,0.513936,0.508469,0.058364,1.312202,0.004145,0.094835,43.700139,1.000000
10605.000000,10605.000000,522387.000000,21209.000000,49.258557,196.000000,2.000000,45.987288,49.258557,147.000000,24.000000,20.300215,0.251319,0.335092,7.584685,7.621935,0.004645,0.055051,146.741443,4.000000
9801.000000,9801.000000,87025.000000,19601.000000,8.879196,9.000000,4.000000,0.593211,8.879196,9.000000,4.000000,0.593211,0.986577,0.986577,0.060612,0.060612,0.000906,0.004344,0.120804,2.000000
28830.000000,63426.000000,186366.000000,92255.000000,6.464308,23.000000,3.000000,4.792470,2.938322,1443.000000,1.000000,23.856502,0.281057,0.002036,1.932152,1.756516,0.000102,0.043417,16.535692,2.000000
9801.000000,9801.000000,87025.000000,19601.000000,8.879196,9.000000,4.000000,0.593211,8.879196,9.000000,4.000000,0.593211,0.986577,0.986577,0.060612,0.060612,0.000906,0.004344,0.120804,1.000000
9801.000000,9801.000000,87025.000000,19601.000000,8.879196,9.000000,4.000000,0.593211,8.879196,9.000000,4.000000,0.593211,0.986577,0.986577,0.060612,0.060612,0.000906,0.004344,0.120804,2.000000
121728.000000,121728.000000,3777036.000000,243455.000000,66.427067,144.000000,18.000000,18.693977,66.427067,144.000000,18.000000,18.693977,0.215476,0.215476,1.902511,1.902511,0.000255,0.016853,77.572933,1.000000
717.000000,1440.000000,3283.000000,2156.000000,4.578801,21.000000,2.000000,3.216675,2.279861,11.000000,0.000000,2.051120,0.218038,0.207260,3.020950,1.972898,0.003180,0.023463,16.421199,1.000000
22835.000000,22835.000000,676439.000000,45669.000000,29.622903,224.000000,1.000000,57.361494,29.622903,225.000000,1.000000,49.425194,0.132245,0.131657,10.247876,10.286941,0.001297,0.065576,194.377097,1.000000
9801.000000,9801.000000,87025.000000,19601.000000,8.879196,9.000000,4.000000,0.593211,8.879196,9.000000,4.000000,0.593211,0.986577,0.986577,0.060612,0.060612,0.000906,0.004344,0.120804,1.000000
95368.000000,123867.000000,1597545.000000,219234.000000,16.751374,81.000000,2.000000,8.681529,12.897261,17.000000,1.000000,2.207730,0.206807,0.758662,6.970294,0.854294,0.000135,0.011487,64.248626,3.000000
9801.000000,9801.000000,87025.000000,19601.000000,8.879196,9.000000,4.000000,0.593211,8.879196,9.000000,4.000000,0.593211,0.986577,0.986577,0.060612,0.060612,0.000906,0.004344,0.120804,1.000000
22835.000000,22835.000000,1711557.000000,45669.000000,74.971885,1050.000000,1.000000,175.482331,74.971885,2436.000000,1.000000,220.182995,0.071384,0.030769,32.240956,22.013182,0.003282,0.027931,975.028115,1.000000
2307.000000,75779.000000,233921.000000,78085.000000,101.396186,103.000000,0.000000,3.793996,3.086884,769.000000,1.000000,4.843044,0.984429,0.004014,1.375976,0.051493,0.001338,0.001357,1.603814,2.000000
10262.000000,10262.000000,61046.000000,20523.000000,5.948743,10.000000,2.000000,1.603417,5.948743,10.000000,2.000000,1.603417,0.594874,0.594874,1.225417,1.225417,0.000580,0.025709,4.051257,1.000000
37762.000000,37762.000000,1133641.000000,75523.000000,30.778137,42.000000,16.000000,7.735880,30.778137,42.000000,16.000000,7.735880,0.714778,0.714778,5.253357,5.253357,0.000795,0.033925,11.221863,1.000000
19896.000000,19896.000000,738598.000000,39791.000000,37.122939,351.000000,14.000000,31.159822,37.122939,351.000000,14.000000,31.159822,0.105763,0.105763,2.281578,2.281578,0.001866,0.007881,313.877061,3.000000
663.000000,663.000000,1726.000000,1325.000000,2.603318,440.000000,1.000000,17.100743,2.603318,4.000000,1.000000,0.884484,0.005917,0.650830,1.560423,0.321752,0.003927,0.001511,437.396682,1.000000
246077.000000,312540.000000,831976.000000,558616.000000,3.380958,61.000000,2.000000,7.469378,2.661982,12.000000,1.000000,1.967876,0.055426,0.221832,2.539614,0.074976,0.000011,0.014994,57.619042,2.000000
29995.000000,29995.000000,229947.000000,59989.000000,7.666178,8.000000,4.000000,0.472707,7.666178,8.000000,4.000000,0.472707,0.958272,0.958272,0.666733,0.666733,0.000256,0.003491,0.333822,1.000000
42930.000000,42930.000000,3148656.000000,85859.000000,73.343955,405.000000,24.000000,36.983704,73.343955,405.000000,24.000000,36.983033,0.181096,0.181096,12.932749,12.932237,0.001708,0.008339,331.656045,3.000000
363.000000,363.000000,3279.000000,725.000000,9.033058,33.000000,1.000000,8.437683,9.033058,34.000000,1.000000,9.163288,0.273729,0.265678,3.538674,5.519337,0.024884,0.065376,23.966942,1.000000
2021.000000,2021.000000,7310.000000,4041.000000,3.638298,12.000000,1.000000,2.389425,3.638298,26.000000,1.000000,3.745662,0.301418,0.139116,1.169802,1.410396,0.001790,0.039648,8.361702,1.000000
207.000000,260.000000,2942.000000,466.000000,14.212560,107.000000,1.000000,21.867480,11.315385,50.000000,0.000000,14.695910,0.132828,0.226308,6.529126,4.610039,0.054664,0.041767,92.787440,1.000000
710.000000,1433.000000,3328.000000,2142.000000,4.687324,20.000000,2.000000,3.207514,2.322401,12.000000,0.000000,2.192268,0.234366,0.193533,2.976023,1.981145,0.003271,0.025720,15.312676,3.000000
30401.000000,30401.000000,471601.000000,60801.000000,15.512681,21.000000,8.000000,3.827750,15.512681,21.000000,8.000000,3.827750,0.738699,0.738699,5.289013,5.289013,0.000510,0.033224,5.487319,2.000000
9801.000000,9801.000000,87025.000000,19601.000000,8.879196,9.000000,4.000000,0.593211,8.879196,9.000000,4.000000,0.593211,0.986577,0.986577,0.060612,0.060612,0.000906,0.004344,0.120804,1.000000
5940.000000,5940.000000,83842.000000,11879.000000,14.114815,30.000000,1.000000,6.343900,14.114815,20.000000,1.000000,5.939874,0.470494,0.705741,6.061627,5.052702,0.002376,0.044717,15.885185,1.000000
9801.000000,9801.000000,87025.000000,19601.000000,8.879196,9.000000,4.000000,0.593211,8.879196,9.000000,4.000000,0.593211,0.986577,0.986577,0.060612,0.060612,0.000906,0.004344,0.120804,2.000000
9801.000000,9801.000000,87025.000000,19601.000000,8.879196,9.000000,4.000000,0.593211,8.879196,9.000000,4.000000,0.593211,0.986577,0.986577,0.060612,0.060612,0.000906,0.004344,0.120804,1.000000
18425.000000,36321.000000,112398.000000,54745.000000,6.100299,177.000000,1.000000,2.479732,3.094573,17520.000000,1.000000,131.567540,0.034465,0.000177,0.156698,2.510242,0.000168,0.000196,170.899701,1.000000
9801.000000,9801.000000,87025.000000,19601.000000,8.879196,9.000000,4.000000,0.593211,8.879196,9.000000,4.000000,0.593211,0.986577,0.986577,0.060612,0.060612,0.000906,0.004344,0.120804,1.000000
6510.000000,14322.000000,42030.000000,20831.000000,6.456221,23.000000,3.000000,4.787288,2.934646,327.000000,1.000000,11.379647,0.280705,0.008974,1.928100,1.752880,0.000451,0.043323,16.543779,1.000000
3312.000000,3312.000000,20793.000000,6623.000000,6.278080,21.000000,1.000000,6.744001,6.278080,17.000000,1.000000,5.501287,0.298956,0.369299,4.729085,1.226216,0.001896,0.103133,14.721920,1.000000
9801.000000,9801.000000,87025.000000,19601.000000,8.879196,9.000000,4.000000,0.593211,8.879196,9.000000,4.000000,0.593211,0.986577,0.986577,0.060612,0.060612,0.000906,0.004344,0.120804,1.000000
990.000000,2178.000000,6334.000000,3167.000000,6.397980,23.000000,3.000000,4.749396,2.908173,51.000000,1.000000,4.557239,0.278173,0.057023,1.898888,1.089113,0.002938,0.042640,16.602020,1.000000
116835.000000,116835.000000,749800.000000,233669.000000,6.559644,114190.000000,1.000000,361.498102,6.559644,114174.000000,1.000000,361.434801,0.000056,0.000056,4.775091,5.178535,0.000055,0.000010,114183.440356,1.000000
841.000000,841.000000,4089.000000,1681.000000,4.862069,5.000000,3.000000,0.358355,4.862069,5.000000,3.000000,0.358355,0.972414,0.972414,0.071429,0.071429,0.005781,0.005137,0.137931,1.000000
9801.000000,9801.000000,87025.000000,19601.000000,8.879196,9.000000,4.000000,0.593211,8.879196,9.000000,4.000000,0.593211,0.986577,0.986577,0.060612,0.060612,0.000906,0.004344,0.120804,1.000000
711.000000,1435.000000,3240.000000,2145.000000,4.556962,21.000000,2.000000,3.171037,2.257840,11.000000,0.000000,2.013993,0.216998,0.205258,2.974648,1.930962,0.003176,0.022802,16.443038,1.000000
3432.000000,3432.000000,25220.000000,6863.000000,7.348485,2498.000000,1.000000,43.330616,7.348485,2498.000000,1.000000,43.329379,0.002942,0.002942,4.789857,3.743224,0.002141,0.000301,2490.651515,1.000000
5743.000000,5743.000000,198787.000000,11485.000000,34.613791,250.000000,11.000000,32.818443,34.613791,250.000000,11.000000,32.818443,0.138455,0.138455,4.476141,4.476141,0.006027,0.017233,215.386209,1.000000
9801.000000,9801.000000,87025.000000,19601.000000,8.879196,9.000000,4.000000,0.593211,8.879196,9.000000,4.000000,0.593211,0.986577,0.986577,0.060612,0.060612,0.000906,0.004344,0.120804,1.000000
12598.000000,3.000000,37078.000000,12600.000000,2.943166,3.000000,1.000000,0.231869,12359.333333,12489.000000,12222.000000,109.137019,0.981055,0.989618,0.054219,194.500000,0.981055,0.005974,0.056834,1.000000
1228045.000000,1228045.000000,8580313.000000,2456089.000000,6.986970,11.000000,1.000000,0.811404,6.986970,11.000000,1.000000,0.811404,0.635179,0.635179,0.866787,0.866787,0.000006,0.005441,4.013030,1.000000
711.000000,1433.000000,3322.000000,2143.000000,4.672293,19.000000,2.000000,3.175735,2.318214,12.000000,0.000000,2.208733,0.245910,0.193184,2.963380,1.997905,0.003260,0.027937,14.327707,1.000000
12992.000000,12992.000000,49365.000000,25983.000000,3.799646,5.000000,1.000000,1.359702,3.799646,5.000000,1.000000,1.359702,0.759929,0.759929,0.312216,0.312216,0.000292,0.073952,1.200354,1.000000
9801.000000,9801.000000,87025.000000,19601.000000,8.879196,9.000000,4.000000,0.593211,8.879196,9.000000,4.000000,0.593211,0.986577,0.986577,0.060612,0.060612,0.000906,0.004344,0.120804,1.000000
710.000000,1433.000000,3319.000000,2142.000000,4.674648,21.000000,2.000000,3.209985,2.316120,12.000000,0.000000,2.149960,0.222602,0.193010,3.074753,1.985335,0.003262,0.023365,16.325352,1.000000
528185.000000,1377306.000000,3459881.000000,1905490.000000,6.550510,48.000000,0.000000,4.268514,2.512064,1013.000000,1.000000,9.457103,0.136469,0.002480,2.810449,0.215027,0.000005,0.007908,41.449490,1.000000
4326.000000,4326.000000,61166.000000,8651.000000,14.139159,37.000000,7.000000,8.654677,14.139159,61.000000,5.000000,17.258406,0.382139,0.231789,0.912139,1.174104,0.003268,0.054714,22.860841,1.000000
93476.000000,93476.000000,1434636.000000,186951.000000,15.347640,28.000000,3.000000,3.119678,15.347640,28.000000,3.000000,3.119678,0.548130,0.548130,3.225996,3.225996,0.000164,0.012414,12.652360,1.000000
3754.000000,7517.000000,20267.000000,11270.000000,5.398775,6.000000,3.000000,0.800911,2.696155,751.000000,1.000000,35.626389,0.899796,0.003590,1.199840,0.099787,0.000718,0.017818,0.601225,2.000000
14441.000000,37485.000000,94274.000000,51925.000000,6.528218,48.000000,0.000000,4.312837,2.514979,40.000000,1.000000,1.999312,0.136005,0.062874,2.804848,0.217426,0.000174,0.008073,41.471782,1.000000
9801.000000,9801.000000,87025.000000,19601.000000,8.879196,9.000000,4.000000,0.593211,8.879196,9.000000,4.000000,0.593211,0.986577,0.986577,0.060612,0.060612,0.000906,0.004344,0.120804,1.000000
94069.000000,3.000000,282207.000000,94071.000000,3.000000,3.000000,3.000000,0.000000,94069.000000,94069.000000,94069.000000,0.000000,1.000000,1.000000,0.000000,0.000000,1.000000,0.000000,0.000000,4.000000
9801.000000,9801.000000,87025.000000,19601.000000,8.879196,9.000000,4.000000,0.593211,8.879196,9.000000,4.000000,0.593211,0.986577,0.986577,0.060612,0.060612,0.000906,0.004344,0.120804,1.000000
990.000000,2178.000000,6334.000000,3167.000000,6.397980,23.000000,3.000000,4.749396,2.908173,51.000000,1.000000,4.557239,0.278173,0.057023,1.898888,1.089113,0.002938,0.042640,16.602020,1.000000
10605.000000,10605.000000,144579.000000,21209.000000,13.633098,49.000000,1.000000,12.151089,13.633098,49.000000,1.000000,12.151089,0.278226,0.278226,2.160977,2.160977,0.001286,0.061495,35.366902,1.000000
1121.000000,1302.000000,11185.000000,2422.000000,9.977698,35.000000,2.000000,4.101352,8.590630,12.000000,0.000000,2.056948,0.285077,0.715886,3.522321,1.196003,0.007663,0.013732,25.022302,1.000000
9801.000000,9801.000000,87025.000000,19601.000000,8.879196,9.000000,4.000000,0.593211,8.879196,9.000000,4.000000,0.593211,0.986577,0.986577,0.060612,0.060612,0.000906,0.004344,0.120804,1.000000
12328.000000,12328.000000,301700.000000,24655.000000,27.808890,121.000000,9.000000,16.089025,27.808890,121.000000,9.000000,16.089025,0.202254,0.202254,6.019713,6.019713,0.001985,0.017680,93.191110,1.000000
711.000000,1432.000000,3374.000000,2142.000000,4.745429,21.000000,2.000000,3.261014,2.356145,12.000000,0.000000,2.220141,0.225973,0.196345,3.008451,2.048218,0.003314,0.024114,16.254571,1.000000
9801.000000,9801.000000,87025.000000,19601.000000,8.879196,9.000000,4.000000,0.593211,8.879196,9.000000,4.000000,0.593211,0.986577,0.986577,0.060612,0.060612,0.000906,0.004344,0.120804,1.000000
22002.000000,47235.000000,1076903.000000,69236.000000,48.945687,44560.000000,3.000000,424.356144,22.798836,35.000000,16.000000,1.293890,0.001098,0.651395,9.377483,1.165411,0.001036,0.000091,44511.054313,1.000000
9801.000000,9801.000000,87025.000000,19601.000000,8.879196,9.000000,4.000000,0.593211,8.879196,9.000000,4.000000,0.593211,0.986577,0.986577,0.060612,0.060612,0.000906,0.004344,0.120804,1.000000
22098.000000,22098.000000,1935324.000000,44195.000000,87.579147,150.000000,54.000000,32.371049,87.579147,150.000000,54.000000,32.371049,0.583861,0.583861,6.289723,6.289723,0.003963,0.046573,62.420853,1.000000
9801.000000,9801.000000,87025.000000,19601.000000,8.879196,9.000000,4.000000,0.593211,8.879196,9.000000,4.000000,0.593211,0.986577,0.986577,0.060612,0.060612,0.000906,0.004344,0.120804,1.000000
25710.000000,3.000000,75161.000000,25712.000000,2.923415,3.000000,0.000000,0.280454,25053.666667,25382.000000,24672.000000,292.299314,0.974472,0.987064,0.034502,355.000000,0.974472,0.008739,0.076585,3.000000
5995.000000,197472.000000,588798.000000,203466.000000,98.214846,666.000000,95.000000,7.499161,2.981678,18.000000,1.000000,0.510225,0.147470,0.165649,1.041708,0.147586,0.000497,0.000127,567.785154,2.000000
9801.000000,9801.000000,87025.000000,19601.000000,8.879196,9.000000,4.000000,0.593211,8.879196,9.000000,4.000000,0.593211,0.986577,0.986577,0.060612,0.060612,0.000906,0.004344,0.120804,1.000000
9801.000000,9801.000000,87025.000000,19601.000000,8.879196,9.000000,4.000000,0.593211,8.879196,9.000000,4.000000,0.593211,0.986577,0.986577,0.060612,0.060612,0.000906,0.004344,0.120804,2.000000
15390.000000,33858.000000,99454.000000,49247.000000,6.462248,23.000000,3.000000,4.791152,2.937386,771.000000,1.000000,17.447219,0.280967,0.003810,1.931120,1.119148,0.000191,0.043393,16.537752,2.000000
664.000000,46915.000000,430982.000000,47578.000000,649.069277,1936.000000,157.000000,432.196378,9.186444,23.000000,1.000000,5.327033,0.335263,0.399411,459.318250,1.509549,0.013835,0.049837,1286.930723,1.000000
9801.000000,9801.000000,87025.000000,19601.000000,8.879196,9.000000,4.000000,0.593211,8.879196,9.000000,4.000000,0.593211,0.986577,0.986577,0.060612,0.060612,0.000906,0.004344,0.120804,1.000000
709.000000,1435.000000,3044.000000,2143.000000,4.293371,20.000000,1.000000,2.819181,2.121254,10.000000,0.000000,1.838213,0.214669,0.212125,2.625706,1.830544,0.002992,0.019869,15.706629,1.000000
5563.000000,3.000000,14666.000000,5565.000000,2.636347,3.000000,0.000000,0.573758,4888.666667,5473.000000,3872.000000,721.565120,0.878782,0.893233,0.028946,800.500000,0.878782,0.036578,0.363653,3.000000
2903.000000,2903.000000,19093.000000,5805.000000,6.576989,7.000000,4.000000,0.606130,6.576989,7.000000,4.000000,0.606130,0.939570,0.939570,0.137147,0.137147,0.002266,0.007498,0.423011,1.000000
21982.000000,21982.000000,531826.000000,43963.000000,24.193704,211.000000,1.000000,51.357700,24.193704,214.000000,1.000000,46.337443,0.114662,0.113055,8.529912,6.221919,0.001101,0.059244,186.806296,1.000000
1033.000000,320.000000,4732.000000,1352.000000,4.580833,5.000000,3.000000,0.520165,14.787500,283.000000,1.000000,36.220400,0.916167,0.052253,0.244186,11.476489,0.014315,0.010823,0.419167,1.000000
270.000000,594.000000,1678.000000,863.000000,6.214815,23.000000,3.000000,4.623427,2.824916,15.000000,1.000000,2.564255,0.270209,0.188328,1.806691,1.003373,0.010463,0.040408,16.785185,1.000000
4350.000000,4350.000000,237798.000000,8699.000000,54.666207,90.000000,21.000000,21.835694,54.666207,90.000000,21.000000,21.835694,0.607402,0.607402,13.574845,13.574845,0.012567,0.058864,35.333793,1.000000
9801.000000,9801.000000,87025.000000,19601.000000,8.879196,9.000000,4.000000,0.593211,8.879196,9.000000,4.000000,0.593211,0.986577,0.986577,0.060612,0.060612,0.000906,0.004344,0.120804,1.000000
9801.000000,9801.000000,87025.000000,19601.000000,8.879196,9.000000,4.000000,0.593211,8.879196,9.000000,4.000000,0.593211,0.986577,0.986577,0.060612,0.060612,0.000906,0.004344,0.120804,1.000000
62424.000000,62424.000000,1717777.000000,124847.000000,27.518134,44.000000,16.000000,2.293704,27.518134,44.000000,16.000000,2.293704,0.625407,0.625407,0.402095,0.402095,0.000441,0.002717,16.481866,1.000000
381.000000,381.000000,2134.000000,761.000000,5.661417,25.000000,1.000000,4.706427,5.661417,50.000000,1.000000,7.847517,0.224042,0.112021,0.805263,2.947368,0.014701,0.035441,19.338583,1.000000
21982.000000,21982.000000,1455374.000000,43963.000000,66.229097,1030.000000,1.000000,169.296248,66.229097,1036.000000,1.000000,129.751976,0.064279,0.063907,29.898003,21.563259,0.003012,0.027016,963.770903,1.000000
5563.000000,5563.000000,286341.000000,11125.000000,51.472407,180.000000,20.000000,8.684625,51.472407,180.000000,20.000000,8.684625,0.285958,0.285958,0.625494,0.625494,0.009253,0.002328,128.527593,1.000000
9801.000000,9801.000000,87025.000000,19601.000000,8.879196,9.000000,4.000000,0.593211,8.879196,9.000000,4.000000,0.593211,0.986577,0.986577,0.060612,0.060612,0.000906,0.004344,0.120804,1.000000
270.000000,594.000000,1678.000000,863.000000,6.214815,23.000000,3.000000,4.623427,2.824916,15.000000,1.000000,2.564255,0.270209,0.188328,1.806691,1.003373,0.010463,0.040408,16.785185,3.000000
240.000000,240.000000,2248.000000,479.000000,15.675000,21.000000,9.000000,3.484878,15.675000,21.000000,9.000000,3.484878,0.446032,0.446032,1.092050,1.092050,0.039028,0.027538,5.325000,1.000000
9801.000000,9801.000000,87025.000000,19601.000000,8.879196,9.000000,4.000000,0.593211,8.879196,9.000000,4.000000,0.593211,0.986577,0.986577,0.060612,0.060612,0.000906,0.004344,0.120804,1.000000
